[
    {
        "outputFileName": "wwwroot/bundles/bootstrap-multiselect.min.css",
        "inputFiles": [
            "wwwroot/Content/css/bootstrap-multiselect.css"
        ],
        "minify": {
            "enabled": true,
            "renameLocals": true
        },
        "sourceMap": true
    },
    {
        "outputFileName": "wwwroot/bundles/site.min.css",
        "inputFiles": [
            "wwwroot/Content/css/Site.css"
        ],
        "minify": {
            "enabled": true,
            "renameLocals": true
        },
        "sourceMap": true
    },
    {
        "outputFileName": "wwwroot/bundles/bootstrap-multiselect.min.js",
        "inputFiles": [
            "wwwroot/Scripts/bootstrap-multiselect.js"
        ],
        "minify": {
            "enabled": true,
            "renameLocals": true
        },
        "sourceMap": true
    },
    {
        "outputFileName": "wwwroot/bundles/modernizr.min.js",
        "inputFiles": [
            "wwwroot/Scripts/modernizr-2.8.3.js"
        ],
        "minify": {
            "enabled": true,
            "renameLocals": true
        },
        "sourceMap": true
    },
    {
        "outputFileName": "wwwroot/bundles/site.min.js",
        "inputFiles": [
            "wwwroot/Scripts/site.js",
            "wwwroot/Scripts/site-form-handlers.js",
            "wwwroot/Scripts/signalr-progress.js"
        ],
        "minify": {
            "enabled": true,
            "renameLocals": true
        },
        "sourceMap": true
    },
    {
        "outputFileName": "wwwroot/bundles/claimset.min.js",
        "inputFiles": [
            "wwwroot/Scripts/resource-editor.js"
        ],
        "minify": {
            "enabled": true,
            "renameLocals": true
        },
        "sourceMap": true
    },
    {
        "outputFileName": "wwwroot/bundles/authstrategy.min.js",
        "inputFiles": [
            "wwwroot/Scripts/auth-editor.js"
        ],
        "minify": {
            "enabled": true,
            "renameLocals": true
        },
        "sourceMap": true
    }
]
